abbreviated,name,complete_description
AI/AN,P12AE_026N,"Female:, AI/AN ALONE OR IN COMBINATION WITH ONE OR MORE OTHER RACES, HISPANIC OR LATINO)"
AI/AN,P12AE_027N,"Female:Under 5 years, AI/AN ALONE OR IN COMBINATION WITH ONE OR MORE OTHER RACES, HISPANIC OR LATINO)"
AI/AN,P12AE_028N,"Female:5 to 9 years, AI/AN ALONE OR IN COMBINATION WITH ONE OR MORE OTHER RACES, HISPANIC OR LATINO)"
AI/AN,P12AE_029N,"Female:10 to 14 years, AI/AN ALONE OR IN COMBINATION WITH ONE OR MORE OTHER RACES, HISPANIC OR LATINO)"
AI/AN,P12AE_030N,"Female:15 to 17 years, AI/AN ALONE OR IN COMBINATION WITH ONE OR MORE OTHER RACES, HISPANIC OR LATINO)"
AI/AN,P12AE_031N,"Female:18 and 19 years, AI/AN ALONE OR IN COMBINATION WITH ONE OR MORE OTHER RACES, HISPANIC OR LATINO)"
AI/AN,P12AE_032N,"Female:20 years, AI/AN ALONE OR IN COMBINATION WITH ONE OR MORE OTHER RACES, HISPANIC OR LATINO)"
AI/AN,P12AE_033N,"Female:21 years, AI/AN ALONE OR IN COMBINATION WITH ONE OR MORE OTHER RACES, HISPANIC OR LATINO)"
AI/AN,P12AE_034N,"Female:22 to 24 years, AI/AN ALONE OR IN COMBINATION WITH ONE OR MORE OTHER RACES, HISPANIC OR LATINO)"
AI/AN,P12AE_035N,"Female:25 to 29 years, AI/AN ALONE OR IN COMBINATION WITH ONE OR MORE OTHER RACES, HISPANIC OR LATINO)"
AI/AN,P12AE_036N,"Female:30 to 34 years, AI/AN ALONE OR IN COMBINATION WITH ONE OR MORE OTHER RACES, HISPANIC OR LATINO)"
AI/AN,P12AE_037N,"Female:35 to 39 years, AI/AN ALONE OR IN COMBINATION WITH ONE OR MORE OTHER RACES, HISPANIC OR LATINO)"
AI/AN,P12AE_038N,"Female:40 to 44 years, AI/AN ALONE OR IN COMBINATION WITH ONE OR MORE OTHER RACES, HISPANIC OR LATINO)"
AI/AN,P12AE_039N,"Female:45 to 49 years, AI/AN ALONE OR IN COMBINATION WITH ONE OR MORE OTHER RACES, HISPANIC OR LATINO)"
AI/AN,P12AE_040N,"Female:50 to 54 years, AI/AN ALONE OR IN COMBINATION WITH ONE OR MORE OTHER RACES, HISPANIC OR LATINO)"
AI/AN,P12AE_041N,"Female:55 to 59 years, AI/AN ALONE OR IN COMBINATION WITH ONE OR MORE OTHER RACES, HISPANIC OR LATINO)"
AI/AN,P12AE_042N,"Female:60 and 61 years, AI/AN ALONE OR IN COMBINATION WITH ONE OR MORE OTHER RACES, HISPANIC OR LATINO)"
AI/AN,P12AE_043N,"Female:62 to 64 years, AI/AN ALONE OR IN COMBINATION WITH ONE OR MORE OTHER RACES, HISPANIC OR LATINO)"
AI/AN,P12AE_044N,"Female:65 and 66 years, AI/AN ALONE OR IN COMBINATION WITH ONE OR MORE OTHER RACES, HISPANIC OR LATINO)"
AI/AN,P12AE_045N,"Female:67 to 69 years, AI/AN ALONE OR IN COMBINATION WITH ONE OR MORE OTHER RACES, HISPANIC OR LATINO)"
AI/AN,P12AE_046N,"Female:70 to 74 years, AI/AN ALONE OR IN COMBINATION WITH ONE OR MORE OTHER RACES, HISPANIC OR LATINO)"
AI/AN,P12AE_047N,"Female:75 to 79 years, AI/AN ALONE OR IN COMBINATION WITH ONE OR MORE OTHER RACES, HISPANIC OR LATINO)"
AI/AN,P12AE_048N,"Female:80 to 84 years, AI/AN ALONE OR IN COMBINATION WITH ONE OR MORE OTHER RACES, HISPANIC OR LATINO)"
AI/AN,P12AE_049N,"Female:85 years and over, AI/AN ALONE OR IN COMBINATION WITH ONE OR MORE OTHER RACES, HISPANIC OR LATINO)"
AI/AN,P12Y_026N,"Female:, AI/AN ALONE OR IN COMBINATION WITH ONE OR MORE OTHER RACES, NOT HISPANIC OR LATINO)"
AI/AN,P12Y_027N,"Female:Under 5 years, AI/AN ALONE OR IN COMBINATION WITH ONE OR MORE OTHER RACES, NOT HISPANIC OR LATINO)"
AI/AN,P12Y_028N,"Female:5 to 9 years, AI/AN ALONE OR IN COMBINATION WITH ONE OR MORE OTHER RACES, NOT HISPANIC OR LATINO)"
AI/AN,P12Y_029N,"Female:10 to 14 years, AI/AN ALONE OR IN COMBINATION WITH ONE OR MORE OTHER RACES, NOT HISPANIC OR LATINO)"
AI/AN,P12Y_030N,"Female:15 to 17 years, AI/AN ALONE OR IN COMBINATION WITH ONE OR MORE OTHER RACES, NOT HISPANIC OR LATINO)"
AI/AN,P12Y_031N,"Female:18 and 19 years, AI/AN ALONE OR IN COMBINATION WITH ONE OR MORE OTHER RACES, NOT HISPANIC OR LATINO)"
AI/AN,P12Y_032N,"Female:20 years, AI/AN ALONE OR IN COMBINATION WITH ONE OR MORE OTHER RACES, NOT HISPANIC OR LATINO)"
AI/AN,P12Y_033N,"Female:21 years, AI/AN ALONE OR IN COMBINATION WITH ONE OR MORE OTHER RACES, NOT HISPANIC OR LATINO)"
AI/AN,P12Y_034N,"Female:22 to 24 years, AI/AN ALONE OR IN COMBINATION WITH ONE OR MORE OTHER RACES, NOT HISPANIC OR LATINO)"
AI/AN,P12Y_035N,"Female:25 to 29 years, AI/AN ALONE OR IN COMBINATION WITH ONE OR MORE OTHER RACES, NOT HISPANIC OR LATINO)"
AI/AN,P12Y_036N,"Female:30 to 34 years, AI/AN ALONE OR IN COMBINATION WITH ONE OR MORE OTHER RACES, NOT HISPANIC OR LATINO)"
AI/AN,P12Y_037N,"Female:35 to 39 years, AI/AN ALONE OR IN COMBINATION WITH ONE OR MORE OTHER RACES, NOT HISPANIC OR LATINO)"
AI/AN,P12Y_038N,"Female:40 to 44 years, AI/AN ALONE OR IN COMBINATION WITH ONE OR MORE OTHER RACES, NOT HISPANIC OR LATINO)"
AI/AN,P12Y_039N,"Female:45 to 49 years, AI/AN ALONE OR IN COMBINATION WITH ONE OR MORE OTHER RACES, NOT HISPANIC OR LATINO)"
AI/AN,P12Y_040N,"Female:50 to 54 years, AI/AN ALONE OR IN COMBINATION WITH ONE OR MORE OTHER RACES, NOT HISPANIC OR LATINO)"
AI/AN,P12Y_041N,"Female:55 to 59 years, AI/AN ALONE OR IN COMBINATION WITH ONE OR MORE OTHER RACES, NOT HISPANIC OR LATINO)"
AI/AN,P12Y_042N,"Female:60 and 61 years, AI/AN ALONE OR IN COMBINATION WITH ONE OR MORE OTHER RACES, NOT HISPANIC OR LATINO)"
AI/AN,P12Y_043N,"Female:62 to 64 years, AI/AN ALONE OR IN COMBINATION WITH ONE OR MORE OTHER RACES, NOT HISPANIC OR LATINO)"
AI/AN,P12Y_044N,"Female:65 and 66 years, AI/AN ALONE OR IN COMBINATION WITH ONE OR MORE OTHER RACES, NOT HISPANIC OR LATINO)"
AI/AN,P12Y_045N,"Female:67 to 69 years, AI/AN ALONE OR IN COMBINATION WITH ONE OR MORE OTHER RACES, NOT HISPANIC OR LATINO)"
AI/AN,P12Y_046N,"Female:70 to 74 years, AI/AN ALONE OR IN COMBINATION WITH ONE OR MORE OTHER RACES, NOT HISPANIC OR LATINO)"
AI/AN,P12Y_047N,"Female:75 to 79 years, AI/AN ALONE OR IN COMBINATION WITH ONE OR MORE OTHER RACES, NOT HISPANIC OR LATINO)"
AI/AN,P12Y_048N,"Female:80 to 84 years, AI/AN ALONE OR IN COMBINATION WITH ONE OR MORE OTHER RACES, NOT HISPANIC OR LATINO)"
AI/AN,P12Y_049N,"Female:85 years and over, AI/AN ALONE OR IN COMBINATION WITH ONE OR MORE OTHER RACES, NOT HISPANIC OR LATINO)"
AI/AN,P12C_026N,"Female:, AI/AN ALONE)"
AI/AN,P12C_027N,"Female:Under 5 years, AI/AN ALONE)"
AI/AN,P12C_028N,"Female:5 to 9 years, AI/AN ALONE)"
AI/AN,P12C_029N,"Female:10 to 14 years, AI/AN ALONE)"
AI/AN,P12C_030N,"Female:15 to 17 years, AI/AN ALONE)"
AI/AN,P12C_031N,"Female:18 and 19 years, AI/AN ALONE)"
AI/AN,P12C_032N,"Female:20 years, AI/AN ALONE)"
AI/AN,P12C_033N,"Female:21 years, AI/AN ALONE)"
AI/AN,P12C_034N,"Female:22 to 24 years, AI/AN ALONE)"
AI/AN,P12C_035N,"Female:25 to 29 years, AI/AN ALONE)"
AI/AN,P12C_036N,"Female:30 to 34 years, AI/AN ALONE)"
AI/AN,P12C_037N,"Female:35 to 39 years, AI/AN ALONE)"
AI/AN,P12C_038N,"Female:40 to 44 years, AI/AN ALONE)"
AI/AN,P12C_039N,"Female:45 to 49 years, AI/AN ALONE)"
AI/AN,P12C_040N,"Female:50 to 54 years, AI/AN ALONE)"
AI/AN,P12C_041N,"Female:55 to 59 years, AI/AN ALONE)"
AI/AN,P12C_042N,"Female:60 and 61 years, AI/AN ALONE)"
AI/AN,P12C_043N,"Female:62 to 64 years, AI/AN ALONE)"
AI/AN,P12C_044N,"Female:65 and 66 years, AI/AN ALONE)"
AI/AN,P12C_045N,"Female:67 to 69 years, AI/AN ALONE)"
AI/AN,P12C_046N,"Female:70 to 74 years, AI/AN ALONE)"
AI/AN,P12C_047N,"Female:75 to 79 years, AI/AN ALONE)"
AI/AN,P12C_048N,"Female:80 to 84 years, AI/AN ALONE)"
AI/AN,P12C_049N,"Female:85 years and over, AI/AN ALONE)"
AI/AN,P12R_026N,"Female:, AI/AN ALONE, HISPANIC OR LATINO)"
AI/AN,P12R_027N,"Female:Under 5 years, AI/AN ALONE, HISPANIC OR LATINO)"
AI/AN,P12R_028N,"Female:5 to 9 years, AI/AN ALONE, HISPANIC OR LATINO)"
AI/AN,P12R_029N,"Female:10 to 14 years, AI/AN ALONE, HISPANIC OR LATINO)"
AI/AN,P12R_030N,"Female:15 to 17 years, AI/AN ALONE, HISPANIC OR LATINO)"
AI/AN,P12R_031N,"Female:18 and 19 years, AI/AN ALONE, HISPANIC OR LATINO)"
AI/AN,P12R_032N,"Female:20 years, AI/AN ALONE, HISPANIC OR LATINO)"
AI/AN,P12R_033N,"Female:21 years, AI/AN ALONE, HISPANIC OR LATINO)"
AI/AN,P12R_034N,"Female:22 to 24 years, AI/AN ALONE, HISPANIC OR LATINO)"
AI/AN,P12R_035N,"Female:25 to 29 years, AI/AN ALONE, HISPANIC OR LATINO)"
AI/AN,P12R_036N,"Female:30 to 34 years, AI/AN ALONE, HISPANIC OR LATINO)"
AI/AN,P12R_037N,"Female:35 to 39 years, AI/AN ALONE, HISPANIC OR LATINO)"
AI/AN,P12R_038N,"Female:40 to 44 years, AI/AN ALONE, HISPANIC OR LATINO)"
AI/AN,P12R_039N,"Female:45 to 49 years, AI/AN ALONE, HISPANIC OR LATINO)"
AI/AN,P12R_040N,"Female:50 to 54 years, AI/AN ALONE, HISPANIC OR LATINO)"
AI/AN,P12R_041N,"Female:55 to 59 years, AI/AN ALONE, HISPANIC OR LATINO)"
AI/AN,P12R_042N,"Female:60 and 61 years, AI/AN ALONE, HISPANIC OR LATINO)"
AI/AN,P12R_043N,"Female:62 to 64 years, AI/AN ALONE, HISPANIC OR LATINO)"
AI/AN,P12R_044N,"Female:65 and 66 years, AI/AN ALONE, HISPANIC OR LATINO)"
AI/AN,P12R_045N,"Female:67 to 69 years, AI/AN ALONE, HISPANIC OR LATINO)"
AI/AN,P12R_046N,"Female:70 to 74 years, AI/AN ALONE, HISPANIC OR LATINO)"
AI/AN,P12R_047N,"Female:75 to 79 years, AI/AN ALONE, HISPANIC OR LATINO)"
AI/AN,P12R_048N,"Female:80 to 84 years, AI/AN ALONE, HISPANIC OR LATINO)"
AI/AN,P12R_049N,"Female:85 years and over, AI/AN ALONE, HISPANIC OR LATINO)"
AI/AN,P12K_026N,"Female:, AI/AN ALONE, NOT HISPANIC OR LATINO)"
AI/AN,P12K_027N,"Female:Under 5 years, AI/AN ALONE, NOT HISPANIC OR LATINO)"
AI/AN,P12K_028N,"Female:5 to 9 years, AI/AN ALONE, NOT HISPANIC OR LATINO)"
AI/AN,P12K_029N,"Female:10 to 14 years, AI/AN ALONE, NOT HISPANIC OR LATINO)"
AI/AN,P12K_030N,"Female:15 to 17 years, AI/AN ALONE, NOT HISPANIC OR LATINO)"
AI/AN,P12K_031N,"Female:18 and 19 years, AI/AN ALONE, NOT HISPANIC OR LATINO)"
AI/AN,P12K_032N,"Female:20 years, AI/AN ALONE, NOT HISPANIC OR LATINO)"
AI/AN,P12K_033N,"Female:21 years, AI/AN ALONE, NOT HISPANIC OR LATINO)"
AI/AN,P12K_034N,"Female:22 to 24 years, AI/AN ALONE, NOT HISPANIC OR LATINO)"
AI/AN,P12K_035N,"Female:25 to 29 years, AI/AN ALONE, NOT HISPANIC OR LATINO)"
AI/AN,P12K_036N,"Female:30 to 34 years, AI/AN ALONE, NOT HISPANIC OR LATINO)"
AI/AN,P12K_037N,"Female:35 to 39 years, AI/AN ALONE, NOT HISPANIC OR LATINO)"
AI/AN,P12K_038N,"Female:40 to 44 years, AI/AN ALONE, NOT HISPANIC OR LATINO)"
AI/AN,P12K_039N,"Female:45 to 49 years, AI/AN ALONE, NOT HISPANIC OR LATINO)"
AI/AN,P12K_040N,"Female:50 to 54 years, AI/AN ALONE, NOT HISPANIC OR LATINO)"
AI/AN,P12K_041N,"Female:55 to 59 years, AI/AN ALONE, NOT HISPANIC OR LATINO)"
AI/AN,P12K_042N,"Female:60 and 61 years, AI/AN ALONE, NOT HISPANIC OR LATINO)"
AI/AN,P12K_043N,"Female:62 to 64 years, AI/AN ALONE, NOT HISPANIC OR LATINO)"
AI/AN,P12K_044N,"Female:65 and 66 years, AI/AN ALONE, NOT HISPANIC OR LATINO)"
AI/AN,P12K_045N,"Female:67 to 69 years, AI/AN ALONE, NOT HISPANIC OR LATINO)"
AI/AN,P12K_046N,"Female:70 to 74 years, AI/AN ALONE, NOT HISPANIC OR LATINO)"
AI/AN,P12K_047N,"Female:75 to 79 years, AI/AN ALONE, NOT HISPANIC OR LATINO)"
AI/AN,P12K_048N,"Female:80 to 84 years, AI/AN ALONE, NOT HISPANIC OR LATINO)"
AI/AN,P12K_049N,"Female:85 years and over, AI/AN ALONE, NOT HISPANIC OR LATINO)"
ASIAN,P12AF_026N,"Female:, ASIAN ALONE OR IN COMBINATION WITH ONE OR MORE OTHER RACES, HISPANIC OR LATINO)"
ASIAN,P12AF_027N,"Female:Under 5 years, ASIAN ALONE OR IN COMBINATION WITH ONE OR MORE OTHER RACES, HISPANIC OR LATINO)"
ASIAN,P12AF_028N,"Female:5 to 9 years, ASIAN ALONE OR IN COMBINATION WITH ONE OR MORE OTHER RACES, HISPANIC OR LATINO)"
ASIAN,P12AF_029N,"Female:10 to 14 years, ASIAN ALONE OR IN COMBINATION WITH ONE OR MORE OTHER RACES, HISPANIC OR LATINO)"
ASIAN,P12AF_030N,"Female:15 to 17 years, ASIAN ALONE OR IN COMBINATION WITH ONE OR MORE OTHER RACES, HISPANIC OR LATINO)"
ASIAN,P12AF_031N,"Female:18 and 19 years, ASIAN ALONE OR IN COMBINATION WITH ONE OR MORE OTHER RACES, HISPANIC OR LATINO)"
ASIAN,P12AF_032N,"Female:20 years, ASIAN ALONE OR IN COMBINATION WITH ONE OR MORE OTHER RACES, HISPANIC OR LATINO)"
ASIAN,P12AF_033N,"Female:21 years, ASIAN ALONE OR IN COMBINATION WITH ONE OR MORE OTHER RACES, HISPANIC OR LATINO)"
ASIAN,P12AF_034N,"Female:22 to 24 years, ASIAN ALONE OR IN COMBINATION WITH ONE OR MORE OTHER RACES, HISPANIC OR LATINO)"
ASIAN,P12AF_035N,"Female:25 to 29 years, ASIAN ALONE OR IN COMBINATION WITH ONE OR MORE OTHER RACES, HISPANIC OR LATINO)"
ASIAN,P12AF_036N,"Female:30 to 34 years, ASIAN ALONE OR IN COMBINATION WITH ONE OR MORE OTHER RACES, HISPANIC OR LATINO)"
ASIAN,P12AF_037N,"Female:35 to 39 years, ASIAN ALONE OR IN COMBINATION WITH ONE OR MORE OTHER RACES, HISPANIC OR LATINO)"
ASIAN,P12AF_038N,"Female:40 to 44 years, ASIAN ALONE OR IN COMBINATION WITH ONE OR MORE OTHER RACES, HISPANIC OR LATINO)"
ASIAN,P12AF_039N,"Female:45 to 49 years, ASIAN ALONE OR IN COMBINATION WITH ONE OR MORE OTHER RACES, HISPANIC OR LATINO)"
ASIAN,P12AF_040N,"Female:50 to 54 years, ASIAN ALONE OR IN COMBINATION WITH ONE OR MORE OTHER RACES, HISPANIC OR LATINO)"
ASIAN,P12AF_041N,"Female:55 to 59 years, ASIAN ALONE OR IN COMBINATION WITH ONE OR MORE OTHER RACES, HISPANIC OR LATINO)"
ASIAN,P12AF_042N,"Female:60 and 61 years, ASIAN ALONE OR IN COMBINATION WITH ONE OR MORE OTHER RACES, HISPANIC OR LATINO)"
ASIAN,P12AF_043N,"Female:62 to 64 years, ASIAN ALONE OR IN COMBINATION WITH ONE OR MORE OTHER RACES, HISPANIC OR LATINO)"
ASIAN,P12AF_044N,"Female:65 and 66 years, ASIAN ALONE OR IN COMBINATION WITH ONE OR MORE OTHER RACES, HISPANIC OR LATINO)"
ASIAN,P12AF_045N,"Female:67 to 69 years, ASIAN ALONE OR IN COMBINATION WITH ONE OR MORE OTHER RACES, HISPANIC OR LATINO)"
ASIAN,P12AF_046N,"Female:70 to 74 years, ASIAN ALONE OR IN COMBINATION WITH ONE OR MORE OTHER RACES, HISPANIC OR LATINO)"
ASIAN,P12AF_047N,"Female:75 to 79 years, ASIAN ALONE OR IN COMBINATION WITH ONE OR MORE OTHER RACES, HISPANIC OR LATINO)"
ASIAN,P12AF_048N,"Female:80 to 84 years, ASIAN ALONE OR IN COMBINATION WITH ONE OR MORE OTHER RACES, HISPANIC OR LATINO)"
ASIAN,P12AF_049N,"Female:85 years and over, ASIAN ALONE OR IN COMBINATION WITH ONE OR MORE OTHER RACES, HISPANIC OR LATINO)"
ASIAN,P12Z_026N,"Female:, ASIAN ALONE OR IN COMBINATION WITH ONE OR MORE OTHER RACES, NOT HISPANIC OR LATINO)"
ASIAN,P12Z_027N,"Female:Under 5 years, ASIAN ALONE OR IN COMBINATION WITH ONE OR MORE OTHER RACES, NOT HISPANIC OR LATINO)"
ASIAN,P12Z_028N,"Female:5 to 9 years, ASIAN ALONE OR IN COMBINATION WITH ONE OR MORE OTHER RACES, NOT HISPANIC OR LATINO)"
ASIAN,P12Z_029N,"Female:10 to 14 years, ASIAN ALONE OR IN COMBINATION WITH ONE OR MORE OTHER RACES, NOT HISPANIC OR LATINO)"
ASIAN,P12Z_030N,"Female:15 to 17 years, ASIAN ALONE OR IN COMBINATION WITH ONE OR MORE OTHER RACES, NOT HISPANIC OR LATINO)"
ASIAN,P12Z_031N,"Female:18 and 19 years, ASIAN ALONE OR IN COMBINATION WITH ONE OR MORE OTHER RACES, NOT HISPANIC OR LATINO)"
ASIAN,P12Z_032N,"Female:20 years, ASIAN ALONE OR IN COMBINATION WITH ONE OR MORE OTHER RACES, NOT HISPANIC OR LATINO)"
ASIAN,P12Z_033N,"Female:21 years, ASIAN ALONE OR IN COMBINATION WITH ONE OR MORE OTHER RACES, NOT HISPANIC OR LATINO)"
ASIAN,P12Z_034N,"Female:22 to 24 years, ASIAN ALONE OR IN COMBINATION WITH ONE OR MORE OTHER RACES, NOT HISPANIC OR LATINO)"
ASIAN,P12Z_035N,"Female:25 to 29 years, ASIAN ALONE OR IN COMBINATION WITH ONE OR MORE OTHER RACES, NOT HISPANIC OR LATINO)"
ASIAN,P12Z_036N,"Female:30 to 34 years, ASIAN ALONE OR IN COMBINATION WITH ONE OR MORE OTHER RACES, NOT HISPANIC OR LATINO)"
ASIAN,P12Z_037N,"Female:35 to 39 years, ASIAN ALONE OR IN COMBINATION WITH ONE OR MORE OTHER RACES, NOT HISPANIC OR LATINO)"
ASIAN,P12Z_038N,"Female:40 to 44 years, ASIAN ALONE OR IN COMBINATION WITH ONE OR MORE OTHER RACES, NOT HISPANIC OR LATINO)"
ASIAN,P12Z_039N,"Female:45 to 49 years, ASIAN ALONE OR IN COMBINATION WITH ONE OR MORE OTHER RACES, NOT HISPANIC OR LATINO)"
ASIAN,P12Z_040N,"Female:50 to 54 years, ASIAN ALONE OR IN COMBINATION WITH ONE OR MORE OTHER RACES, NOT HISPANIC OR LATINO)"
ASIAN,P12Z_041N,"Female:55 to 59 years, ASIAN ALONE OR IN COMBINATION WITH ONE OR MORE OTHER RACES, NOT HISPANIC OR LATINO)"
ASIAN,P12Z_042N,"Female:60 and 61 years, ASIAN ALONE OR IN COMBINATION WITH ONE OR MORE OTHER RACES, NOT HISPANIC OR LATINO)"
ASIAN,P12Z_043N,"Female:62 to 64 years, ASIAN ALONE OR IN COMBINATION WITH ONE OR MORE OTHER RACES, NOT HISPANIC OR LATINO)"
ASIAN,P12Z_044N,"Female:65 and 66 years, ASIAN ALONE OR IN COMBINATION WITH ONE OR MORE OTHER RACES, NOT HISPANIC OR LATINO)"
ASIAN,P12Z_045N,"Female:67 to 69 years, ASIAN ALONE OR IN COMBINATION WITH ONE OR MORE OTHER RACES, NOT HISPANIC OR LATINO)"
ASIAN,P12Z_046N,"Female:70 to 74 years, ASIAN ALONE OR IN COMBINATION WITH ONE OR MORE OTHER RACES, NOT HISPANIC OR LATINO)"
ASIAN,P12Z_047N,"Female:75 to 79 years, ASIAN ALONE OR IN COMBINATION WITH ONE OR MORE OTHER RACES, NOT HISPANIC OR LATINO)"
ASIAN,P12Z_048N,"Female:80 to 84 years, ASIAN ALONE OR IN COMBINATION WITH ONE OR MORE OTHER RACES, NOT HISPANIC OR LATINO)"
ASIAN,P12Z_049N,"Female:85 years and over, ASIAN ALONE OR IN COMBINATION WITH ONE OR MORE OTHER RACES, NOT HISPANIC OR LATINO)"
ASIAN,P12D_026N,"Female:, ASIAN ALONE)"
ASIAN,P12D_027N,"Female:Under 5 years, ASIAN ALONE)"
ASIAN,P12D_028N,"Female:5 to 9 years, ASIAN ALONE)"
ASIAN,P12D_029N,"Female:10 to 14 years, ASIAN ALONE)"
ASIAN,P12D_030N,"Female:15 to 17 years, ASIAN ALONE)"
ASIAN,P12D_031N,"Female:18 and 19 years, ASIAN ALONE)"
ASIAN,P12D_032N,"Female:20 years, ASIAN ALONE)"
ASIAN,P12D_033N,"Female:21 years, ASIAN ALONE)"
ASIAN,P12D_034N,"Female:22 to 24 years, ASIAN ALONE)"
ASIAN,P12D_035N,"Female:25 to 29 years, ASIAN ALONE)"
ASIAN,P12D_036N,"Female:30 to 34 years, ASIAN ALONE)"
ASIAN,P12D_037N,"Female:35 to 39 years, ASIAN ALONE)"
ASIAN,P12D_038N,"Female:40 to 44 years, ASIAN ALONE)"
ASIAN,P12D_039N,"Female:45 to 49 years, ASIAN ALONE)"
ASIAN,P12D_040N,"Female:50 to 54 years, ASIAN ALONE)"
ASIAN,P12D_041N,"Female:55 to 59 years, ASIAN ALONE)"
ASIAN,P12D_042N,"Female:60 and 61 years, ASIAN ALONE)"
ASIAN,P12D_043N,"Female:62 to 64 years, ASIAN ALONE)"
ASIAN,P12D_044N,"Female:65 and 66 years, ASIAN ALONE)"
ASIAN,P12D_045N,"Female:67 to 69 years, ASIAN ALONE)"
ASIAN,P12D_046N,"Female:70 to 74 years, ASIAN ALONE)"
ASIAN,P12D_047N,"Female:75 to 79 years, ASIAN ALONE)"
ASIAN,P12D_048N,"Female:80 to 84 years, ASIAN ALONE)"
ASIAN,P12D_049N,"Female:85 years and over, ASIAN ALONE)"
ASIAN,P12S_026N,"Female:, ASIAN ALONE, HISPANIC OR LATINO)"
ASIAN,P12S_027N,"Female:Under 5 years, ASIAN ALONE, HISPANIC OR LATINO)"
ASIAN,P12S_028N,"Female:5 to 9 years, ASIAN ALONE, HISPANIC OR LATINO)"
ASIAN,P12S_029N,"Female:10 to 14 years, ASIAN ALONE, HISPANIC OR LATINO)"
ASIAN,P12S_030N,"Female:15 to 17 years, ASIAN ALONE, HISPANIC OR LATINO)"
ASIAN,P12S_031N,"Female:18 and 19 years, ASIAN ALONE, HISPANIC OR LATINO)"
ASIAN,P12S_032N,"Female:20 years, ASIAN ALONE, HISPANIC OR LATINO)"
ASIAN,P12S_033N,"Female:21 years, ASIAN ALONE, HISPANIC OR LATINO)"
ASIAN,P12S_034N,"Female:22 to 24 years, ASIAN ALONE, HISPANIC OR LATINO)"
ASIAN,P12S_035N,"Female:25 to 29 years, ASIAN ALONE, HISPANIC OR LATINO)"
ASIAN,P12S_036N,"Female:30 to 34 years, ASIAN ALONE, HISPANIC OR LATINO)"
ASIAN,P12S_037N,"Female:35 to 39 years, ASIAN ALONE, HISPANIC OR LATINO)"
ASIAN,P12S_038N,"Female:40 to 44 years, ASIAN ALONE, HISPANIC OR LATINO)"
ASIAN,P12S_039N,"Female:45 to 49 years, ASIAN ALONE, HISPANIC OR LATINO)"
ASIAN,P12S_040N,"Female:50 to 54 years, ASIAN ALONE, HISPANIC OR LATINO)"
ASIAN,P12S_041N,"Female:55 to 59 years, ASIAN ALONE, HISPANIC OR LATINO)"
ASIAN,P12S_042N,"Female:60 and 61 years, ASIAN ALONE, HISPANIC OR LATINO)"
ASIAN,P12S_043N,"Female:62 to 64 years, ASIAN ALONE, HISPANIC OR LATINO)"
ASIAN,P12S_044N,"Female:65 and 66 years, ASIAN ALONE, HISPANIC OR LATINO)"
ASIAN,P12S_045N,"Female:67 to 69 years, ASIAN ALONE, HISPANIC OR LATINO)"
ASIAN,P12S_046N,"Female:70 to 74 years, ASIAN ALONE, HISPANIC OR LATINO)"
ASIAN,P12S_047N,"Female:75 to 79 years, ASIAN ALONE, HISPANIC OR LATINO)"
ASIAN,P12S_048N,"Female:80 to 84 years, ASIAN ALONE, HISPANIC OR LATINO)"
ASIAN,P12S_049N,"Female:85 years and over, ASIAN ALONE, HISPANIC OR LATINO)"
ASIAN,P12L_026N,"Female:, ASIAN ALONE, NOT HISPANIC OR LATINO)"
ASIAN,P12L_027N,"Female:Under 5 years, ASIAN ALONE, NOT HISPANIC OR LATINO)"
ASIAN,P12L_028N,"Female:5 to 9 years, ASIAN ALONE, NOT HISPANIC OR LATINO)"
ASIAN,P12L_029N,"Female:10 to 14 years, ASIAN ALONE, NOT HISPANIC OR LATINO)"
ASIAN,P12L_030N,"Female:15 to 17 years, ASIAN ALONE, NOT HISPANIC OR LATINO)"
ASIAN,P12L_031N,"Female:18 and 19 years, ASIAN ALONE, NOT HISPANIC OR LATINO)"
ASIAN,P12L_032N,"Female:20 years, ASIAN ALONE, NOT HISPANIC OR LATINO)"
ASIAN,P12L_033N,"Female:21 years, ASIAN ALONE, NOT HISPANIC OR LATINO)"
ASIAN,P12L_034N,"Female:22 to 24 years, ASIAN ALONE, NOT HISPANIC OR LATINO)"
ASIAN,P12L_035N,"Female:25 to 29 years, ASIAN ALONE, NOT HISPANIC OR LATINO)"
ASIAN,P12L_036N,"Female:30 to 34 years, ASIAN ALONE, NOT HISPANIC OR LATINO)"
ASIAN,P12L_037N,"Female:35 to 39 years, ASIAN ALONE, NOT HISPANIC OR LATINO)"
ASIAN,P12L_038N,"Female:40 to 44 years, ASIAN ALONE, NOT HISPANIC OR LATINO)"
ASIAN,P12L_039N,"Female:45 to 49 years, ASIAN ALONE, NOT HISPANIC OR LATINO)"
ASIAN,P12L_040N,"Female:50 to 54 years, ASIAN ALONE, NOT HISPANIC OR LATINO)"
ASIAN,P12L_041N,"Female:55 to 59 years, ASIAN ALONE, NOT HISPANIC OR LATINO)"
ASIAN,P12L_042N,"Female:60 and 61 years, ASIAN ALONE, NOT HISPANIC OR LATINO)"
ASIAN,P12L_043N,"Female:62 to 64 years, ASIAN ALONE, NOT HISPANIC OR LATINO)"
ASIAN,P12L_044N,"Female:65 and 66 years, ASIAN ALONE, NOT HISPANIC OR LATINO)"
ASIAN,P12L_045N,"Female:67 to 69 years, ASIAN ALONE, NOT HISPANIC OR LATINO)"
ASIAN,P12L_046N,"Female:70 to 74 years, ASIAN ALONE, NOT HISPANIC OR LATINO)"
ASIAN,P12L_047N,"Female:75 to 79 years, ASIAN ALONE, NOT HISPANIC OR LATINO)"
ASIAN,P12L_048N,"Female:80 to 84 years, ASIAN ALONE, NOT HISPANIC OR LATINO)"
ASIAN,P12L_049N,"Female:85 years and over, ASIAN ALONE, NOT HISPANIC OR LATINO)"
BLACK,P12AD_026N,"Female:, BLACK OR AFRICAN AMERICAN ALONE OR IN COMBINATION WITH ONE OR MORE OTHER RACES, HISPANIC OR LATINO)"
BLACK,P12AD_027N,"Female:Under 5 years, BLACK OR AFRICAN AMERICAN ALONE OR IN COMBINATION WITH ONE OR MORE OTHER RACES, HISPANIC OR LATINO)"
BLACK,P12AD_028N,"Female:5 to 9 years, BLACK OR AFRICAN AMERICAN ALONE OR IN COMBINATION WITH ONE OR MORE OTHER RACES, HISPANIC OR LATINO)"
BLACK,P12AD_029N,"Female:10 to 14 years, BLACK OR AFRICAN AMERICAN ALONE OR IN COMBINATION WITH ONE OR MORE OTHER RACES, HISPANIC OR LATINO)"
BLACK,P12AD_030N,"Female:15 to 17 years, BLACK OR AFRICAN AMERICAN ALONE OR IN COMBINATION WITH ONE OR MORE OTHER RACES, HISPANIC OR LATINO)"
BLACK,P12AD_031N,"Female:18 and 19 years, BLACK OR AFRICAN AMERICAN ALONE OR IN COMBINATION WITH ONE OR MORE OTHER RACES, HISPANIC OR LATINO)"
BLACK,P12AD_032N,"Female:20 years, BLACK OR AFRICAN AMERICAN ALONE OR IN COMBINATION WITH ONE OR MORE OTHER RACES, HISPANIC OR LATINO)"
BLACK,P12AD_033N,"Female:21 years, BLACK OR AFRICAN AMERICAN ALONE OR IN COMBINATION WITH ONE OR MORE OTHER RACES, HISPANIC OR LATINO)"
BLACK,P12AD_034N,"Female:22 to 24 years, BLACK OR AFRICAN AMERICAN ALONE OR IN COMBINATION WITH ONE OR MORE OTHER RACES, HISPANIC OR LATINO)"
BLACK,P12AD_035N,"Female:25 to 29 years, BLACK OR AFRICAN AMERICAN ALONE OR IN COMBINATION WITH ONE OR MORE OTHER RACES, HISPANIC OR LATINO)"
BLACK,P12AD_036N,"Female:30 to 34 years, BLACK OR AFRICAN AMERICAN ALONE OR IN COMBINATION WITH ONE OR MORE OTHER RACES, HISPANIC OR LATINO)"
BLACK,P12AD_037N,"Female:35 to 39 years, BLACK OR AFRICAN AMERICAN ALONE OR IN COMBINATION WITH ONE OR MORE OTHER RACES, HISPANIC OR LATINO)"
BLACK,P12AD_038N,"Female:40 to 44 years, BLACK OR AFRICAN AMERICAN ALONE OR IN COMBINATION WITH ONE OR MORE OTHER RACES, HISPANIC OR LATINO)"
BLACK,P12AD_039N,"Female:45 to 49 years, BLACK OR AFRICAN AMERICAN ALONE OR IN COMBINATION WITH ONE OR MORE OTHER RACES, HISPANIC OR LATINO)"
BLACK,P12AD_040N,"Female:50 to 54 years, BLACK OR AFRICAN AMERICAN ALONE OR IN COMBINATION WITH ONE OR MORE OTHER RACES, HISPANIC OR LATINO)"
BLACK,P12AD_041N,"Female:55 to 59 years, BLACK OR AFRICAN AMERICAN ALONE OR IN COMBINATION WITH ONE OR MORE OTHER RACES, HISPANIC OR LATINO)"
BLACK,P12AD_042N,"Female:60 and 61 years, BLACK OR AFRICAN AMERICAN ALONE OR IN COMBINATION WITH ONE OR MORE OTHER RACES, HISPANIC OR LATINO)"
BLACK,P12AD_043N,"Female:62 to 64 years, BLACK OR AFRICAN AMERICAN ALONE OR IN COMBINATION WITH ONE OR MORE OTHER RACES, HISPANIC OR LATINO)"
BLACK,P12AD_044N,"Female:65 and 66 years, BLACK OR AFRICAN AMERICAN ALONE OR IN COMBINATION WITH ONE OR MORE OTHER RACES, HISPANIC OR LATINO)"
BLACK,P12AD_045N,"Female:67 to 69 years, BLACK OR AFRICAN AMERICAN ALONE OR IN COMBINATION WITH ONE OR MORE OTHER RACES, HISPANIC OR LATINO)"
BLACK,P12AD_046N,"Female:70 to 74 years, BLACK OR AFRICAN AMERICAN ALONE OR IN COMBINATION WITH ONE OR MORE OTHER RACES, HISPANIC OR LATINO)"
BLACK,P12AD_047N,"Female:75 to 79 years, BLACK OR AFRICAN AMERICAN ALONE OR IN COMBINATION WITH ONE OR MORE OTHER RACES, HISPANIC OR LATINO)"
BLACK,P12AD_048N,"Female:80 to 84 years, BLACK OR AFRICAN AMERICAN ALONE OR IN COMBINATION WITH ONE OR MORE OTHER RACES, HISPANIC OR LATINO)"
BLACK,P12AD_049N,"Female:85 years and over, BLACK OR AFRICAN AMERICAN ALONE OR IN COMBINATION WITH ONE OR MORE OTHER RACES, HISPANIC OR LATINO)"
BLACK,P12X_026N,"Female:, BLACK OR AFRICAN AMERICAN ALONE OR IN COMBINATION WITH ONE OR MORE OTHER RACES, NOT HISPANIC OR LATINO)"
BLACK,P12X_027N,"Female:Under 5 years, BLACK OR AFRICAN AMERICAN ALONE OR IN COMBINATION WITH ONE OR MORE OTHER RACES, NOT HISPANIC OR LATINO)"
BLACK,P12X_028N,"Female:5 to 9 years, BLACK OR AFRICAN AMERICAN ALONE OR IN COMBINATION WITH ONE OR MORE OTHER RACES, NOT HISPANIC OR LATINO)"
BLACK,P12X_029N,"Female:10 to 14 years, BLACK OR AFRICAN AMERICAN ALONE OR IN COMBINATION WITH ONE OR MORE OTHER RACES, NOT HISPANIC OR LATINO)"
BLACK,P12X_030N,"Female:15 to 17 years, BLACK OR AFRICAN AMERICAN ALONE OR IN COMBINATION WITH ONE OR MORE OTHER RACES, NOT HISPANIC OR LATINO)"
BLACK,P12X_031N,"Female:18 and 19 years, BLACK OR AFRICAN AMERICAN ALONE OR IN COMBINATION WITH ONE OR MORE OTHER RACES, NOT HISPANIC OR LATINO)"
BLACK,P12X_032N,"Female:20 years, BLACK OR AFRICAN AMERICAN ALONE OR IN COMBINATION WITH ONE OR MORE OTHER RACES, NOT HISPANIC OR LATINO)"
BLACK,P12X_033N,"Female:21 years, BLACK OR AFRICAN AMERICAN ALONE OR IN COMBINATION WITH ONE OR MORE OTHER RACES, NOT HISPANIC OR LATINO)"
BLACK,P12X_034N,"Female:22 to 24 years, BLACK OR AFRICAN AMERICAN ALONE OR IN COMBINATION WITH ONE OR MORE OTHER RACES, NOT HISPANIC OR LATINO)"
BLACK,P12X_035N,"Female:25 to 29 years, BLACK OR AFRICAN AMERICAN ALONE OR IN COMBINATION WITH ONE OR MORE OTHER RACES, NOT HISPANIC OR LATINO)"
BLACK,P12X_036N,"Female:30 to 34 years, BLACK OR AFRICAN AMERICAN ALONE OR IN COMBINATION WITH ONE OR MORE OTHER RACES, NOT HISPANIC OR LATINO)"
BLACK,P12X_037N,"Female:35 to 39 years, BLACK OR AFRICAN AMERICAN ALONE OR IN COMBINATION WITH ONE OR MORE OTHER RACES, NOT HISPANIC OR LATINO)"
BLACK,P12X_038N,"Female:40 to 44 years, BLACK OR AFRICAN AMERICAN ALONE OR IN COMBINATION WITH ONE OR MORE OTHER RACES, NOT HISPANIC OR LATINO)"
BLACK,P12X_039N,"Female:45 to 49 years, BLACK OR AFRICAN AMERICAN ALONE OR IN COMBINATION WITH ONE OR MORE OTHER RACES, NOT HISPANIC OR LATINO)"
BLACK,P12X_040N,"Female:50 to 54 years, BLACK OR AFRICAN AMERICAN ALONE OR IN COMBINATION WITH ONE OR MORE OTHER RACES, NOT HISPANIC OR LATINO)"
BLACK,P12X_041N,"Female:55 to 59 years, BLACK OR AFRICAN AMERICAN ALONE OR IN COMBINATION WITH ONE OR MORE OTHER RACES, NOT HISPANIC OR LATINO)"
BLACK,P12X_042N,"Female:60 and 61 years, BLACK OR AFRICAN AMERICAN ALONE OR IN COMBINATION WITH ONE OR MORE OTHER RACES, NOT HISPANIC OR LATINO)"
BLACK,P12X_043N,"Female:62 to 64 years, BLACK OR AFRICAN AMERICAN ALONE OR IN COMBINATION WITH ONE OR MORE OTHER RACES, NOT HISPANIC OR LATINO)"
BLACK,P12X_044N,"Female:65 and 66 years, BLACK OR AFRICAN AMERICAN ALONE OR IN COMBINATION WITH ONE OR MORE OTHER RACES, NOT HISPANIC OR LATINO)"
BLACK,P12X_045N,"Female:67 to 69 years, BLACK OR AFRICAN AMERICAN ALONE OR IN COMBINATION WITH ONE OR MORE OTHER RACES, NOT HISPANIC OR LATINO)"
BLACK,P12X_046N,"Female:70 to 74 years, BLACK OR AFRICAN AMERICAN ALONE OR IN COMBINATION WITH ONE OR MORE OTHER RACES, NOT HISPANIC OR LATINO)"
BLACK,P12X_047N,"Female:75 to 79 years, BLACK OR AFRICAN AMERICAN ALONE OR IN COMBINATION WITH ONE OR MORE OTHER RACES, NOT HISPANIC OR LATINO)"
BLACK,P12X_048N,"Female:80 to 84 years, BLACK OR AFRICAN AMERICAN ALONE OR IN COMBINATION WITH ONE OR MORE OTHER RACES, NOT HISPANIC OR LATINO)"
BLACK,P12X_049N,"Female:85 years and over, BLACK OR AFRICAN AMERICAN ALONE OR IN COMBINATION WITH ONE OR MORE OTHER RACES, NOT HISPANIC OR LATINO)"
BLACK,P12B_026N,"Female:, BLACK OR AFRICAN AMERICAN ALONE)"
BLACK,P12B_027N,"Female:Under 5 years, BLACK OR AFRICAN AMERICAN ALONE)"
BLACK,P12B_028N,"Female:5 to 9 years, BLACK OR AFRICAN AMERICAN ALONE)"
BLACK,P12B_029N,"Female:10 to 14 years, BLACK OR AFRICAN AMERICAN ALONE)"
BLACK,P12B_030N,"Female:15 to 17 years, BLACK OR AFRICAN AMERICAN ALONE)"
BLACK,P12B_031N,"Female:18 and 19 years, BLACK OR AFRICAN AMERICAN ALONE)"
BLACK,P12B_032N,"Female:20 years, BLACK OR AFRICAN AMERICAN ALONE)"
BLACK,P12B_033N,"Female:21 years, BLACK OR AFRICAN AMERICAN ALONE)"
BLACK,P12B_034N,"Female:22 to 24 years, BLACK OR AFRICAN AMERICAN ALONE)"
BLACK,P12B_035N,"Female:25 to 29 years, BLACK OR AFRICAN AMERICAN ALONE)"
BLACK,P12B_036N,"Female:30 to 34 years, BLACK OR AFRICAN AMERICAN ALONE)"
BLACK,P12B_037N,"Female:35 to 39 years, BLACK OR AFRICAN AMERICAN ALONE)"
BLACK,P12B_038N,"Female:40 to 44 years, BLACK OR AFRICAN AMERICAN ALONE)"
BLACK,P12B_039N,"Female:45 to 49 years, BLACK OR AFRICAN AMERICAN ALONE)"
BLACK,P12B_040N,"Female:50 to 54 years, BLACK OR AFRICAN AMERICAN ALONE)"
BLACK,P12B_041N,"Female:55 to 59 years, BLACK OR AFRICAN AMERICAN ALONE)"
BLACK,P12B_042N,"Female:60 and 61 years, BLACK OR AFRICAN AMERICAN ALONE)"
BLACK,P12B_043N,"Female:62 to 64 years, BLACK OR AFRICAN AMERICAN ALONE)"
BLACK,P12B_044N,"Female:65 and 66 years, BLACK OR AFRICAN AMERICAN ALONE)"
BLACK,P12B_045N,"Female:67 to 69 years, BLACK OR AFRICAN AMERICAN ALONE)"
BLACK,P12B_046N,"Female:70 to 74 years, BLACK OR AFRICAN AMERICAN ALONE)"
BLACK,P12B_047N,"Female:75 to 79 years, BLACK OR AFRICAN AMERICAN ALONE)"
BLACK,P12B_048N,"Female:80 to 84 years, BLACK OR AFRICAN AMERICAN ALONE)"
BLACK,P12B_049N,"Female:85 years and over, BLACK OR AFRICAN AMERICAN ALONE)"
BLACK,P12Q_026N,"Female:, BLACK OR AFRICAN AMERICAN ALONE, HISPANIC OR LATINO)"
BLACK,P12Q_027N,"Female:Under 5 years, BLACK OR AFRICAN AMERICAN ALONE, HISPANIC OR LATINO)"
BLACK,P12Q_028N,"Female:5 to 9 years, BLACK OR AFRICAN AMERICAN ALONE, HISPANIC OR LATINO)"
BLACK,P12Q_029N,"Female:10 to 14 years, BLACK OR AFRICAN AMERICAN ALONE, HISPANIC OR LATINO)"
BLACK,P12Q_030N,"Female:15 to 17 years, BLACK OR AFRICAN AMERICAN ALONE, HISPANIC OR LATINO)"
BLACK,P12Q_031N,"Female:18 and 19 years, BLACK OR AFRICAN AMERICAN ALONE, HISPANIC OR LATINO)"
BLACK,P12Q_032N,"Female:20 years, BLACK OR AFRICAN AMERICAN ALONE, HISPANIC OR LATINO)"
BLACK,P12Q_033N,"Female:21 years, BLACK OR AFRICAN AMERICAN ALONE, HISPANIC OR LATINO)"
BLACK,P12Q_034N,"Female:22 to 24 years, BLACK OR AFRICAN AMERICAN ALONE, HISPANIC OR LATINO)"
BLACK,P12Q_035N,"Female:25 to 29 years, BLACK OR AFRICAN AMERICAN ALONE, HISPANIC OR LATINO)"
BLACK,P12Q_036N,"Female:30 to 34 years, BLACK OR AFRICAN AMERICAN ALONE, HISPANIC OR LATINO)"
BLACK,P12Q_037N,"Female:35 to 39 years, BLACK OR AFRICAN AMERICAN ALONE, HISPANIC OR LATINO)"
BLACK,P12Q_038N,"Female:40 to 44 years, BLACK OR AFRICAN AMERICAN ALONE, HISPANIC OR LATINO)"
BLACK,P12Q_039N,"Female:45 to 49 years, BLACK OR AFRICAN AMERICAN ALONE, HISPANIC OR LATINO)"
BLACK,P12Q_040N,"Female:50 to 54 years, BLACK OR AFRICAN AMERICAN ALONE, HISPANIC OR LATINO)"
BLACK,P12Q_041N,"Female:55 to 59 years, BLACK OR AFRICAN AMERICAN ALONE, HISPANIC OR LATINO)"
BLACK,P12Q_042N,"Female:60 and 61 years, BLACK OR AFRICAN AMERICAN ALONE, HISPANIC OR LATINO)"
BLACK,P12Q_043N,"Female:62 to 64 years, BLACK OR AFRICAN AMERICAN ALONE, HISPANIC OR LATINO)"
BLACK,P12Q_044N,"Female:65 and 66 years, BLACK OR AFRICAN AMERICAN ALONE, HISPANIC OR LATINO)"
BLACK,P12Q_045N,"Female:67 to 69 years, BLACK OR AFRICAN AMERICAN ALONE, HISPANIC OR LATINO)"
BLACK,P12Q_046N,"Female:70 to 74 years, BLACK OR AFRICAN AMERICAN ALONE, HISPANIC OR LATINO)"
BLACK,P12Q_047N,"Female:75 to 79 years, BLACK OR AFRICAN AMERICAN ALONE, HISPANIC OR LATINO)"
BLACK,P12Q_048N,"Female:80 to 84 years, BLACK OR AFRICAN AMERICAN ALONE, HISPANIC OR LATINO)"
BLACK,P12Q_049N,"Female:85 years and over, BLACK OR AFRICAN AMERICAN ALONE, HISPANIC OR LATINO)"
BLACK,P12J_026N,"Female:, BLACK OR AFRICAN AMERICAN ALONE, NOT HISPANIC OR LATINO)"
BLACK,P12J_027N,"Female:Under 5 years, BLACK OR AFRICAN AMERICAN ALONE, NOT HISPANIC OR LATINO)"
BLACK,P12J_028N,"Female:5 to 9 years, BLACK OR AFRICAN AMERICAN ALONE, NOT HISPANIC OR LATINO)"
BLACK,P12J_029N,"Female:10 to 14 years, BLACK OR AFRICAN AMERICAN ALONE, NOT HISPANIC OR LATINO)"
BLACK,P12J_030N,"Female:15 to 17 years, BLACK OR AFRICAN AMERICAN ALONE, NOT HISPANIC OR LATINO)"
BLACK,P12J_031N,"Female:18 and 19 years, BLACK OR AFRICAN AMERICAN ALONE, NOT HISPANIC OR LATINO)"
BLACK,P12J_032N,"Female:20 years, BLACK OR AFRICAN AMERICAN ALONE, NOT HISPANIC OR LATINO)"
BLACK,P12J_033N,"Female:21 years, BLACK OR AFRICAN AMERICAN ALONE, NOT HISPANIC OR LATINO)"
BLACK,P12J_034N,"Female:22 to 24 years, BLACK OR AFRICAN AMERICAN ALONE, NOT HISPANIC OR LATINO)"
BLACK,P12J_035N,"Female:25 to 29 years, BLACK OR AFRICAN AMERICAN ALONE, NOT HISPANIC OR LATINO)"
BLACK,P12J_036N,"Female:30 to 34 years, BLACK OR AFRICAN AMERICAN ALONE, NOT HISPANIC OR LATINO)"
BLACK,P12J_037N,"Female:35 to 39 years, BLACK OR AFRICAN AMERICAN ALONE, NOT HISPANIC OR LATINO)"
BLACK,P12J_038N,"Female:40 to 44 years, BLACK OR AFRICAN AMERICAN ALONE, NOT HISPANIC OR LATINO)"
BLACK,P12J_039N,"Female:45 to 49 years, BLACK OR AFRICAN AMERICAN ALONE, NOT HISPANIC OR LATINO)"
BLACK,P12J_040N,"Female:50 to 54 years, BLACK OR AFRICAN AMERICAN ALONE, NOT HISPANIC OR LATINO)"
BLACK,P12J_041N,"Female:55 to 59 years, BLACK OR AFRICAN AMERICAN ALONE, NOT HISPANIC OR LATINO)"
BLACK,P12J_042N,"Female:60 and 61 years, BLACK OR AFRICAN AMERICAN ALONE, NOT HISPANIC OR LATINO)"
BLACK,P12J_043N,"Female:62 to 64 years, BLACK OR AFRICAN AMERICAN ALONE, NOT HISPANIC OR LATINO)"
BLACK,P12J_044N,"Female:65 and 66 years, BLACK OR AFRICAN AMERICAN ALONE, NOT HISPANIC OR LATINO)"
BLACK,P12J_045N,"Female:67 to 69 years, BLACK OR AFRICAN AMERICAN ALONE, NOT HISPANIC OR LATINO)"
BLACK,P12J_046N,"Female:70 to 74 years, BLACK OR AFRICAN AMERICAN ALONE, NOT HISPANIC OR LATINO)"
BLACK,P12J_047N,"Female:75 to 79 years, BLACK OR AFRICAN AMERICAN ALONE, NOT HISPANIC OR LATINO)"
BLACK,P12J_048N,"Female:80 to 84 years, BLACK OR AFRICAN AMERICAN ALONE, NOT HISPANIC OR LATINO)"
BLACK,P12J_049N,"Female:85 years and over, BLACK OR AFRICAN AMERICAN ALONE, NOT HISPANIC OR LATINO)"
HISPANIC,P12H_026N,"Female:, HISPANIC OR LATINO)"
HISPANIC,P12H_027N,"Female:Under 5 years, HISPANIC OR LATINO)"
HISPANIC,P12H_028N,"Female:5 to 9 years, HISPANIC OR LATINO)"
HISPANIC,P12H_029N,"Female:10 to 14 years, HISPANIC OR LATINO)"
HISPANIC,P12H_030N,"Female:15 to 17 years, HISPANIC OR LATINO)"
HISPANIC,P12H_031N,"Female:18 and 19 years, HISPANIC OR LATINO)"
HISPANIC,P12H_032N,"Female:20 years, HISPANIC OR LATINO)"
HISPANIC,P12H_033N,"Female:21 years, HISPANIC OR LATINO)"
HISPANIC,P12H_034N,"Female:22 to 24 years, HISPANIC OR LATINO)"
HISPANIC,P12H_035N,"Female:25 to 29 years, HISPANIC OR LATINO)"
HISPANIC,P12H_036N,"Female:30 to 34 years, HISPANIC OR LATINO)"
HISPANIC,P12H_037N,"Female:35 to 39 years, HISPANIC OR LATINO)"
HISPANIC,P12H_038N,"Female:40 to 44 years, HISPANIC OR LATINO)"
HISPANIC,P12H_039N,"Female:45 to 49 years, HISPANIC OR LATINO)"
HISPANIC,P12H_040N,"Female:50 to 54 years, HISPANIC OR LATINO)"
HISPANIC,P12H_041N,"Female:55 to 59 years, HISPANIC OR LATINO)"
HISPANIC,P12H_042N,"Female:60 and 61 years, HISPANIC OR LATINO)"
HISPANIC,P12H_043N,"Female:62 to 64 years, HISPANIC OR LATINO)"
HISPANIC,P12H_044N,"Female:65 and 66 years, HISPANIC OR LATINO)"
HISPANIC,P12H_045N,"Female:67 to 69 years, HISPANIC OR LATINO)"
HISPANIC,P12H_046N,"Female:70 to 74 years, HISPANIC OR LATINO)"
HISPANIC,P12H_047N,"Female:75 to 79 years, HISPANIC OR LATINO)"
HISPANIC,P12H_048N,"Female:80 to 84 years, HISPANIC OR LATINO)"
HISPANIC,P12H_049N,"Female:85 years and over, HISPANIC OR LATINO)"
NHPI,P12AG_026N,"Female:, NHPI ALONE OR IN COMBINATION WITH ONE OR MORE OTHER RACES, HISPANIC OR LATINO)"
NHPI,P12AG_027N,"Female:Under 5 years, NHPI ALONE OR IN COMBINATION WITH ONE OR MORE OTHER RACES, HISPANIC OR LATINO)"
NHPI,P12AG_028N,"Female:5 to 9 years, NHPI ALONE OR IN COMBINATION WITH ONE OR MORE OTHER RACES, HISPANIC OR LATINO)"
NHPI,P12AG_029N,"Female:10 to 14 years, NHPI ALONE OR IN COMBINATION WITH ONE OR MORE OTHER RACES, HISPANIC OR LATINO)"
NHPI,P12AG_030N,"Female:15 to 17 years, NHPI ALONE OR IN COMBINATION WITH ONE OR MORE OTHER RACES, HISPANIC OR LATINO)"
NHPI,P12AG_031N,"Female:18 and 19 years, NHPI ALONE OR IN COMBINATION WITH ONE OR MORE OTHER RACES, HISPANIC OR LATINO)"
NHPI,P12AG_032N,"Female:20 years, NHPI ALONE OR IN COMBINATION WITH ONE OR MORE OTHER RACES, HISPANIC OR LATINO)"
NHPI,P12AG_033N,"Female:21 years, NHPI ALONE OR IN COMBINATION WITH ONE OR MORE OTHER RACES, HISPANIC OR LATINO)"
NHPI,P12AG_034N,"Female:22 to 24 years, NHPI ALONE OR IN COMBINATION WITH ONE OR MORE OTHER RACES, HISPANIC OR LATINO)"
NHPI,P12AG_035N,"Female:25 to 29 years, NHPI ALONE OR IN COMBINATION WITH ONE OR MORE OTHER RACES, HISPANIC OR LATINO)"
NHPI,P12AG_036N,"Female:30 to 34 years, NHPI ALONE OR IN COMBINATION WITH ONE OR MORE OTHER RACES, HISPANIC OR LATINO)"
NHPI,P12AG_037N,"Female:35 to 39 years, NHPI ALONE OR IN COMBINATION WITH ONE OR MORE OTHER RACES, HISPANIC OR LATINO)"
NHPI,P12AG_038N,"Female:40 to 44 years, NHPI ALONE OR IN COMBINATION WITH ONE OR MORE OTHER RACES, HISPANIC OR LATINO)"
NHPI,P12AG_039N,"Female:45 to 49 years, NHPI ALONE OR IN COMBINATION WITH ONE OR MORE OTHER RACES, HISPANIC OR LATINO)"
NHPI,P12AG_040N,"Female:50 to 54 years, NHPI ALONE OR IN COMBINATION WITH ONE OR MORE OTHER RACES, HISPANIC OR LATINO)"
NHPI,P12AG_041N,"Female:55 to 59 years, NHPI ALONE OR IN COMBINATION WITH ONE OR MORE OTHER RACES, HISPANIC OR LATINO)"
NHPI,P12AG_042N,"Female:60 and 61 years, NHPI ALONE OR IN COMBINATION WITH ONE OR MORE OTHER RACES, HISPANIC OR LATINO)"
NHPI,P12AG_043N,"Female:62 to 64 years, NHPI ALONE OR IN COMBINATION WITH ONE OR MORE OTHER RACES, HISPANIC OR LATINO)"
NHPI,P12AG_044N,"Female:65 and 66 years, NHPI ALONE OR IN COMBINATION WITH ONE OR MORE OTHER RACES, HISPANIC OR LATINO)"
NHPI,P12AG_045N,"Female:67 to 69 years, NHPI ALONE OR IN COMBINATION WITH ONE OR MORE OTHER RACES, HISPANIC OR LATINO)"
NHPI,P12AG_046N,"Female:70 to 74 years, NHPI ALONE OR IN COMBINATION WITH ONE OR MORE OTHER RACES, HISPANIC OR LATINO)"
NHPI,P12AG_047N,"Female:75 to 79 years, NHPI ALONE OR IN COMBINATION WITH ONE OR MORE OTHER RACES, HISPANIC OR LATINO)"
NHPI,P12AG_048N,"Female:80 to 84 years, NHPI ALONE OR IN COMBINATION WITH ONE OR MORE OTHER RACES, HISPANIC OR LATINO)"
NHPI,P12AG_049N,"Female:85 years and over, NHPI ALONE OR IN COMBINATION WITH ONE OR MORE OTHER RACES, HISPANIC OR LATINO)"
NHPI,P12AA_026N,"Female:, NHPI ALONE OR IN COMBINATION WITH ONE OR MORE OTHER RACES, NOT HISPANIC OR LATINO)"
NHPI,P12AA_027N,"Female:Under 5 years, NHPI ALONE OR IN COMBINATION WITH ONE OR MORE OTHER RACES, NOT HISPANIC OR LATINO)"
NHPI,P12AA_028N,"Female:5 to 9 years, NHPI ALONE OR IN COMBINATION WITH ONE OR MORE OTHER RACES, NOT HISPANIC OR LATINO)"
NHPI,P12AA_029N,"Female:10 to 14 years, NHPI ALONE OR IN COMBINATION WITH ONE OR MORE OTHER RACES, NOT HISPANIC OR LATINO)"
NHPI,P12AA_030N,"Female:15 to 17 years, NHPI ALONE OR IN COMBINATION WITH ONE OR MORE OTHER RACES, NOT HISPANIC OR LATINO)"
NHPI,P12AA_031N,"Female:18 and 19 years, NHPI ALONE OR IN COMBINATION WITH ONE OR MORE OTHER RACES, NOT HISPANIC OR LATINO)"
NHPI,P12AA_032N,"Female:20 years, NHPI ALONE OR IN COMBINATION WITH ONE OR MORE OTHER RACES, NOT HISPANIC OR LATINO)"
NHPI,P12AA_033N,"Female:21 years, NHPI ALONE OR IN COMBINATION WITH ONE OR MORE OTHER RACES, NOT HISPANIC OR LATINO)"
NHPI,P12AA_034N,"Female:22 to 24 years, NHPI ALONE OR IN COMBINATION WITH ONE OR MORE OTHER RACES, NOT HISPANIC OR LATINO)"
NHPI,P12AA_035N,"Female:25 to 29 years, NHPI ALONE OR IN COMBINATION WITH ONE OR MORE OTHER RACES, NOT HISPANIC OR LATINO)"
NHPI,P12AA_036N,"Female:30 to 34 years, NHPI ALONE OR IN COMBINATION WITH ONE OR MORE OTHER RACES, NOT HISPANIC OR LATINO)"
NHPI,P12AA_037N,"Female:35 to 39 years, NHPI ALONE OR IN COMBINATION WITH ONE OR MORE OTHER RACES, NOT HISPANIC OR LATINO)"
NHPI,P12AA_038N,"Female:40 to 44 years, NHPI ALONE OR IN COMBINATION WITH ONE OR MORE OTHER RACES, NOT HISPANIC OR LATINO)"
NHPI,P12AA_039N,"Female:45 to 49 years, NHPI ALONE OR IN COMBINATION WITH ONE OR MORE OTHER RACES, NOT HISPANIC OR LATINO)"
NHPI,P12AA_040N,"Female:50 to 54 years, NHPI ALONE OR IN COMBINATION WITH ONE OR MORE OTHER RACES, NOT HISPANIC OR LATINO)"
NHPI,P12AA_041N,"Female:55 to 59 years, NHPI ALONE OR IN COMBINATION WITH ONE OR MORE OTHER RACES, NOT HISPANIC OR LATINO)"
NHPI,P12AA_042N,"Female:60 and 61 years, NHPI ALONE OR IN COMBINATION WITH ONE OR MORE OTHER RACES, NOT HISPANIC OR LATINO)"
NHPI,P12AA_043N,"Female:62 to 64 years, NHPI ALONE OR IN COMBINATION WITH ONE OR MORE OTHER RACES, NOT HISPANIC OR LATINO)"
NHPI,P12AA_044N,"Female:65 and 66 years, NHPI ALONE OR IN COMBINATION WITH ONE OR MORE OTHER RACES, NOT HISPANIC OR LATINO)"
NHPI,P12AA_045N,"Female:67 to 69 years, NHPI ALONE OR IN COMBINATION WITH ONE OR MORE OTHER RACES, NOT HISPANIC OR LATINO)"
NHPI,P12AA_046N,"Female:70 to 74 years, NHPI ALONE OR IN COMBINATION WITH ONE OR MORE OTHER RACES, NOT HISPANIC OR LATINO)"
NHPI,P12AA_047N,"Female:75 to 79 years, NHPI ALONE OR IN COMBINATION WITH ONE OR MORE OTHER RACES, NOT HISPANIC OR LATINO)"
NHPI,P12AA_048N,"Female:80 to 84 years, NHPI ALONE OR IN COMBINATION WITH ONE OR MORE OTHER RACES, NOT HISPANIC OR LATINO)"
NHPI,P12AA_049N,"Female:85 years and over, NHPI ALONE OR IN COMBINATION WITH ONE OR MORE OTHER RACES, NOT HISPANIC OR LATINO)"
NHPI,P12E_026N,"Female:, NHPI ALONE)"
NHPI,P12E_027N,"Female:Under 5 years, NHPI ALONE)"
NHPI,P12E_028N,"Female:5 to 9 years, NHPI ALONE)"
NHPI,P12E_029N,"Female:10 to 14 years, NHPI ALONE)"
NHPI,P12E_030N,"Female:15 to 17 years, NHPI ALONE)"
NHPI,P12E_031N,"Female:18 and 19 years, NHPI ALONE)"
NHPI,P12E_032N,"Female:20 years, NHPI ALONE)"
NHPI,P12E_033N,"Female:21 years, NHPI ALONE)"
NHPI,P12E_034N,"Female:22 to 24 years, NHPI ALONE)"
NHPI,P12E_035N,"Female:25 to 29 years, NHPI ALONE)"
NHPI,P12E_036N,"Female:30 to 34 years, NHPI ALONE)"
NHPI,P12E_037N,"Female:35 to 39 years, NHPI ALONE)"
NHPI,P12E_038N,"Female:40 to 44 years, NHPI ALONE)"
NHPI,P12E_039N,"Female:45 to 49 years, NHPI ALONE)"
NHPI,P12E_040N,"Female:50 to 54 years, NHPI ALONE)"
NHPI,P12E_041N,"Female:55 to 59 years, NHPI ALONE)"
NHPI,P12E_042N,"Female:60 and 61 years, NHPI ALONE)"
NHPI,P12E_043N,"Female:62 to 64 years, NHPI ALONE)"
NHPI,P12E_044N,"Female:65 and 66 years, NHPI ALONE)"
NHPI,P12E_045N,"Female:67 to 69 years, NHPI ALONE)"
NHPI,P12E_046N,"Female:70 to 74 years, NHPI ALONE)"
NHPI,P12E_047N,"Female:75 to 79 years, NHPI ALONE)"
NHPI,P12E_048N,"Female:80 to 84 years, NHPI ALONE)"
NHPI,P12E_049N,"Female:85 years and over, NHPI ALONE)"
NHPI,P12T_026N,"Female:, NHPI ALONE, HISPANIC OR LATINO)"
NHPI,P12T_027N,"Female:Under 5 years, NHPI ALONE, HISPANIC OR LATINO)"
NHPI,P12T_028N,"Female:5 to 9 years, NHPI ALONE, HISPANIC OR LATINO)"
NHPI,P12T_029N,"Female:10 to 14 years, NHPI ALONE, HISPANIC OR LATINO)"
NHPI,P12T_030N,"Female:15 to 17 years, NHPI ALONE, HISPANIC OR LATINO)"
NHPI,P12T_031N,"Female:18 and 19 years, NHPI ALONE, HISPANIC OR LATINO)"
NHPI,P12T_032N,"Female:20 years, NHPI ALONE, HISPANIC OR LATINO)"
NHPI,P12T_033N,"Female:21 years, NHPI ALONE, HISPANIC OR LATINO)"
NHPI,P12T_034N,"Female:22 to 24 years, NHPI ALONE, HISPANIC OR LATINO)"
NHPI,P12T_035N,"Female:25 to 29 years, NHPI ALONE, HISPANIC OR LATINO)"
NHPI,P12T_036N,"Female:30 to 34 years, NHPI ALONE, HISPANIC OR LATINO)"
NHPI,P12T_037N,"Female:35 to 39 years, NHPI ALONE, HISPANIC OR LATINO)"
NHPI,P12T_038N,"Female:40 to 44 years, NHPI ALONE, HISPANIC OR LATINO)"
NHPI,P12T_039N,"Female:45 to 49 years, NHPI ALONE, HISPANIC OR LATINO)"
NHPI,P12T_040N,"Female:50 to 54 years, NHPI ALONE, HISPANIC OR LATINO)"
NHPI,P12T_041N,"Female:55 to 59 years, NHPI ALONE, HISPANIC OR LATINO)"
NHPI,P12T_042N,"Female:60 and 61 years, NHPI ALONE, HISPANIC OR LATINO)"
NHPI,P12T_043N,"Female:62 to 64 years, NHPI ALONE, HISPANIC OR LATINO)"
NHPI,P12T_044N,"Female:65 and 66 years, NHPI ALONE, HISPANIC OR LATINO)"
NHPI,P12T_045N,"Female:67 to 69 years, NHPI ALONE, HISPANIC OR LATINO)"
NHPI,P12T_046N,"Female:70 to 74 years, NHPI ALONE, HISPANIC OR LATINO)"
NHPI,P12T_047N,"Female:75 to 79 years, NHPI ALONE, HISPANIC OR LATINO)"
NHPI,P12T_048N,"Female:80 to 84 years, NHPI ALONE, HISPANIC OR LATINO)"
NHPI,P12T_049N,"Female:85 years and over, NHPI ALONE, HISPANIC OR LATINO)"
NHPI,P12M_026N,"Female:, NHPI ALONE, NOT HISPANIC OR LATINO)"
NHPI,P12M_027N,"Female:Under 5 years, NHPI ALONE, NOT HISPANIC OR LATINO)"
NHPI,P12M_028N,"Female:5 to 9 years, NHPI ALONE, NOT HISPANIC OR LATINO)"
NHPI,P12M_029N,"Female:10 to 14 years, NHPI ALONE, NOT HISPANIC OR LATINO)"
NHPI,P12M_030N,"Female:15 to 17 years, NHPI ALONE, NOT HISPANIC OR LATINO)"
NHPI,P12M_031N,"Female:18 and 19 years, NHPI ALONE, NOT HISPANIC OR LATINO)"
NHPI,P12M_032N,"Female:20 years, NHPI ALONE, NOT HISPANIC OR LATINO)"
NHPI,P12M_033N,"Female:21 years, NHPI ALONE, NOT HISPANIC OR LATINO)"
NHPI,P12M_034N,"Female:22 to 24 years, NHPI ALONE, NOT HISPANIC OR LATINO)"
NHPI,P12M_035N,"Female:25 to 29 years, NHPI ALONE, NOT HISPANIC OR LATINO)"
NHPI,P12M_036N,"Female:30 to 34 years, NHPI ALONE, NOT HISPANIC OR LATINO)"
NHPI,P12M_037N,"Female:35 to 39 years, NHPI ALONE, NOT HISPANIC OR LATINO)"
NHPI,P12M_038N,"Female:40 to 44 years, NHPI ALONE, NOT HISPANIC OR LATINO)"
NHPI,P12M_039N,"Female:45 to 49 years, NHPI ALONE, NOT HISPANIC OR LATINO)"
NHPI,P12M_040N,"Female:50 to 54 years, NHPI ALONE, NOT HISPANIC OR LATINO)"
NHPI,P12M_041N,"Female:55 to 59 years, NHPI ALONE, NOT HISPANIC OR LATINO)"
NHPI,P12M_042N,"Female:60 and 61 years, NHPI ALONE, NOT HISPANIC OR LATINO)"
NHPI,P12M_043N,"Female:62 to 64 years, NHPI ALONE, NOT HISPANIC OR LATINO)"
NHPI,P12M_044N,"Female:65 and 66 years, NHPI ALONE, NOT HISPANIC OR LATINO)"
NHPI,P12M_045N,"Female:67 to 69 years, NHPI ALONE, NOT HISPANIC OR LATINO)"
NHPI,P12M_046N,"Female:70 to 74 years, NHPI ALONE, NOT HISPANIC OR LATINO)"
NHPI,P12M_047N,"Female:75 to 79 years, NHPI ALONE, NOT HISPANIC OR LATINO)"
NHPI,P12M_048N,"Female:80 to 84 years, NHPI ALONE, NOT HISPANIC OR LATINO)"
NHPI,P12M_049N,"Female:85 years and over, NHPI ALONE, NOT HISPANIC OR LATINO)"
TWO,P12G_026N,"Female:, TWO OR MORE RACES)"
TWO,P12G_027N,"Female:Under 5 years, TWO OR MORE RACES)"
TWO,P12G_028N,"Female:5 to 9 years, TWO OR MORE RACES)"
TWO,P12G_029N,"Female:10 to 14 years, TWO OR MORE RACES)"
TWO,P12G_030N,"Female:15 to 17 years, TWO OR MORE RACES)"
TWO,P12G_031N,"Female:18 and 19 years, TWO OR MORE RACES)"
TWO,P12G_032N,"Female:20 years, TWO OR MORE RACES)"
TWO,P12G_033N,"Female:21 years, TWO OR MORE RACES)"
TWO,P12G_034N,"Female:22 to 24 years, TWO OR MORE RACES)"
TWO,P12G_035N,"Female:25 to 29 years, TWO OR MORE RACES)"
TWO,P12G_036N,"Female:30 to 34 years, TWO OR MORE RACES)"
TWO,P12G_037N,"Female:35 to 39 years, TWO OR MORE RACES)"
TWO,P12G_038N,"Female:40 to 44 years, TWO OR MORE RACES)"
TWO,P12G_039N,"Female:45 to 49 years, TWO OR MORE RACES)"
TWO,P12G_040N,"Female:50 to 54 years, TWO OR MORE RACES)"
TWO,P12G_041N,"Female:55 to 59 years, TWO OR MORE RACES)"
TWO,P12G_042N,"Female:60 and 61 years, TWO OR MORE RACES)"
TWO,P12G_043N,"Female:62 to 64 years, TWO OR MORE RACES)"
TWO,P12G_044N,"Female:65 and 66 years, TWO OR MORE RACES)"
TWO,P12G_045N,"Female:67 to 69 years, TWO OR MORE RACES)"
TWO,P12G_046N,"Female:70 to 74 years, TWO OR MORE RACES)"
TWO,P12G_047N,"Female:75 to 79 years, TWO OR MORE RACES)"
TWO,P12G_048N,"Female:80 to 84 years, TWO OR MORE RACES)"
TWO,P12G_049N,"Female:85 years and over, TWO OR MORE RACES)"
TWO,P12V_026N,"Female:, TWO OR MORE RACES, HISPANIC OR LATINO)"
TWO,P12V_027N,"Female:Under 5 years, TWO OR MORE RACES, HISPANIC OR LATINO)"
TWO,P12V_028N,"Female:5 to 9 years, TWO OR MORE RACES, HISPANIC OR LATINO)"
TWO,P12V_029N,"Female:10 to 14 years, TWO OR MORE RACES, HISPANIC OR LATINO)"
TWO,P12V_030N,"Female:15 to 17 years, TWO OR MORE RACES, HISPANIC OR LATINO)"
TWO,P12V_031N,"Female:18 and 19 years, TWO OR MORE RACES, HISPANIC OR LATINO)"
TWO,P12V_032N,"Female:20 years, TWO OR MORE RACES, HISPANIC OR LATINO)"
TWO,P12V_033N,"Female:21 years, TWO OR MORE RACES, HISPANIC OR LATINO)"
TWO,P12V_034N,"Female:22 to 24 years, TWO OR MORE RACES, HISPANIC OR LATINO)"
TWO,P12V_035N,"Female:25 to 29 years, TWO OR MORE RACES, HISPANIC OR LATINO)"
TWO,P12V_036N,"Female:30 to 34 years, TWO OR MORE RACES, HISPANIC OR LATINO)"
TWO,P12V_037N,"Female:35 to 39 years, TWO OR MORE RACES, HISPANIC OR LATINO)"
TWO,P12V_038N,"Female:40 to 44 years, TWO OR MORE RACES, HISPANIC OR LATINO)"
TWO,P12V_039N,"Female:45 to 49 years, TWO OR MORE RACES, HISPANIC OR LATINO)"
TWO,P12V_040N,"Female:50 to 54 years, TWO OR MORE RACES, HISPANIC OR LATINO)"
TWO,P12V_041N,"Female:55 to 59 years, TWO OR MORE RACES, HISPANIC OR LATINO)"
TWO,P12V_042N,"Female:60 and 61 years, TWO OR MORE RACES, HISPANIC OR LATINO)"
TWO,P12V_043N,"Female:62 to 64 years, TWO OR MORE RACES, HISPANIC OR LATINO)"
TWO,P12V_044N,"Female:65 and 66 years, TWO OR MORE RACES, HISPANIC OR LATINO)"
TWO,P12V_045N,"Female:67 to 69 years, TWO OR MORE RACES, HISPANIC OR LATINO)"
TWO,P12V_046N,"Female:70 to 74 years, TWO OR MORE RACES, HISPANIC OR LATINO)"
TWO,P12V_047N,"Female:75 to 79 years, TWO OR MORE RACES, HISPANIC OR LATINO)"
TWO,P12V_048N,"Female:80 to 84 years, TWO OR MORE RACES, HISPANIC OR LATINO)"
TWO,P12V_049N,"Female:85 years and over, TWO OR MORE RACES, HISPANIC OR LATINO)"
TWO,P12O_026N,"Female:, TWO OR MORE RACES, NOT HISPANIC OR LATINO)"
TWO,P12O_027N,"Female:Under 5 years, TWO OR MORE RACES, NOT HISPANIC OR LATINO)"
TWO,P12O_028N,"Female:5 to 9 years, TWO OR MORE RACES, NOT HISPANIC OR LATINO)"
TWO,P12O_029N,"Female:10 to 14 years, TWO OR MORE RACES, NOT HISPANIC OR LATINO)"
TWO,P12O_030N,"Female:15 to 17 years, TWO OR MORE RACES, NOT HISPANIC OR LATINO)"
TWO,P12O_031N,"Female:18 and 19 years, TWO OR MORE RACES, NOT HISPANIC OR LATINO)"
TWO,P12O_032N,"Female:20 years, TWO OR MORE RACES, NOT HISPANIC OR LATINO)"
TWO,P12O_033N,"Female:21 years, TWO OR MORE RACES, NOT HISPANIC OR LATINO)"
TWO,P12O_034N,"Female:22 to 24 years, TWO OR MORE RACES, NOT HISPANIC OR LATINO)"
TWO,P12O_035N,"Female:25 to 29 years, TWO OR MORE RACES, NOT HISPANIC OR LATINO)"
TWO,P12O_036N,"Female:30 to 34 years, TWO OR MORE RACES, NOT HISPANIC OR LATINO)"
TWO,P12O_037N,"Female:35 to 39 years, TWO OR MORE RACES, NOT HISPANIC OR LATINO)"
TWO,P12O_038N,"Female:40 to 44 years, TWO OR MORE RACES, NOT HISPANIC OR LATINO)"
TWO,P12O_039N,"Female:45 to 49 years, TWO OR MORE RACES, NOT HISPANIC OR LATINO)"
TWO,P12O_040N,"Female:50 to 54 years, TWO OR MORE RACES, NOT HISPANIC OR LATINO)"
TWO,P12O_041N,"Female:55 to 59 years, TWO OR MORE RACES, NOT HISPANIC OR LATINO)"
TWO,P12O_042N,"Female:60 and 61 years, TWO OR MORE RACES, NOT HISPANIC OR LATINO)"
TWO,P12O_043N,"Female:62 to 64 years, TWO OR MORE RACES, NOT HISPANIC OR LATINO)"
TWO,P12O_044N,"Female:65 and 66 years, TWO OR MORE RACES, NOT HISPANIC OR LATINO)"
TWO,P12O_045N,"Female:67 to 69 years, TWO OR MORE RACES, NOT HISPANIC OR LATINO)"
TWO,P12O_046N,"Female:70 to 74 years, TWO OR MORE RACES, NOT HISPANIC OR LATINO)"
TWO,P12O_047N,"Female:75 to 79 years, TWO OR MORE RACES, NOT HISPANIC OR LATINO)"
TWO,P12O_048N,"Female:80 to 84 years, TWO OR MORE RACES, NOT HISPANIC OR LATINO)"
TWO,P12O_049N,"Female:85 years and over, TWO OR MORE RACES, NOT HISPANIC OR LATINO)"
WHITE,P12AC_026N,"Female:, WHITE ALONE OR IN COMBINATION WITH ONE OR MORE OTHER RACES, HISPANIC OR LATINO)"
WHITE,P12AC_027N,"Female:Under 5 years, WHITE ALONE OR IN COMBINATION WITH ONE OR MORE OTHER RACES, HISPANIC OR LATINO)"
WHITE,P12AC_028N,"Female:5 to 9 years, WHITE ALONE OR IN COMBINATION WITH ONE OR MORE OTHER RACES, HISPANIC OR LATINO)"
WHITE,P12AC_029N,"Female:10 to 14 years, WHITE ALONE OR IN COMBINATION WITH ONE OR MORE OTHER RACES, HISPANIC OR LATINO)"
WHITE,P12AC_030N,"Female:15 to 17 years, WHITE ALONE OR IN COMBINATION WITH ONE OR MORE OTHER RACES, HISPANIC OR LATINO)"
WHITE,P12AC_031N,"Female:18 and 19 years, WHITE ALONE OR IN COMBINATION WITH ONE OR MORE OTHER RACES, HISPANIC OR LATINO)"
WHITE,P12AC_032N,"Female:20 years, WHITE ALONE OR IN COMBINATION WITH ONE OR MORE OTHER RACES, HISPANIC OR LATINO)"
WHITE,P12AC_033N,"Female:21 years, WHITE ALONE OR IN COMBINATION WITH ONE OR MORE OTHER RACES, HISPANIC OR LATINO)"
WHITE,P12AC_034N,"Female:22 to 24 years, WHITE ALONE OR IN COMBINATION WITH ONE OR MORE OTHER RACES, HISPANIC OR LATINO)"
WHITE,P12AC_035N,"Female:25 to 29 years, WHITE ALONE OR IN COMBINATION WITH ONE OR MORE OTHER RACES, HISPANIC OR LATINO)"
WHITE,P12AC_036N,"Female:30 to 34 years, WHITE ALONE OR IN COMBINATION WITH ONE OR MORE OTHER RACES, HISPANIC OR LATINO)"
WHITE,P12AC_037N,"Female:35 to 39 years, WHITE ALONE OR IN COMBINATION WITH ONE OR MORE OTHER RACES, HISPANIC OR LATINO)"
WHITE,P12AC_038N,"Female:40 to 44 years, WHITE ALONE OR IN COMBINATION WITH ONE OR MORE OTHER RACES, HISPANIC OR LATINO)"
WHITE,P12AC_039N,"Female:45 to 49 years, WHITE ALONE OR IN COMBINATION WITH ONE OR MORE OTHER RACES, HISPANIC OR LATINO)"
WHITE,P12AC_040N,"Female:50 to 54 years, WHITE ALONE OR IN COMBINATION WITH ONE OR MORE OTHER RACES, HISPANIC OR LATINO)"
WHITE,P12AC_041N,"Female:55 to 59 years, WHITE ALONE OR IN COMBINATION WITH ONE OR MORE OTHER RACES, HISPANIC OR LATINO)"
WHITE,P12AC_042N,"Female:60 and 61 years, WHITE ALONE OR IN COMBINATION WITH ONE OR MORE OTHER RACES, HISPANIC OR LATINO)"
WHITE,P12AC_043N,"Female:62 to 64 years, WHITE ALONE OR IN COMBINATION WITH ONE OR MORE OTHER RACES, HISPANIC OR LATINO)"
WHITE,P12AC_044N,"Female:65 and 66 years, WHITE ALONE OR IN COMBINATION WITH ONE OR MORE OTHER RACES, HISPANIC OR LATINO)"
WHITE,P12AC_045N,"Female:67 to 69 years, WHITE ALONE OR IN COMBINATION WITH ONE OR MORE OTHER RACES, HISPANIC OR LATINO)"
WHITE,P12AC_046N,"Female:70 to 74 years, WHITE ALONE OR IN COMBINATION WITH ONE OR MORE OTHER RACES, HISPANIC OR LATINO)"
WHITE,P12AC_047N,"Female:75 to 79 years, WHITE ALONE OR IN COMBINATION WITH ONE OR MORE OTHER RACES, HISPANIC OR LATINO)"
WHITE,P12AC_048N,"Female:80 to 84 years, WHITE ALONE OR IN COMBINATION WITH ONE OR MORE OTHER RACES, HISPANIC OR LATINO)"
WHITE,P12AC_049N,"Female:85 years and over, WHITE ALONE OR IN COMBINATION WITH ONE OR MORE OTHER RACES, HISPANIC OR LATINO)"
WHITE,P12W_026N,"Female:, WHITE ALONE OR IN COMBINATION WITH ONE OR MORE OTHER RACES, NOT HISPANIC OR LATINO)"
WHITE,P12W_027N,"Female:Under 5 years, WHITE ALONE OR IN COMBINATION WITH ONE OR MORE OTHER RACES, NOT HISPANIC OR LATINO)"
WHITE,P12W_028N,"Female:5 to 9 years, WHITE ALONE OR IN COMBINATION WITH ONE OR MORE OTHER RACES, NOT HISPANIC OR LATINO)"
WHITE,P12W_029N,"Female:10 to 14 years, WHITE ALONE OR IN COMBINATION WITH ONE OR MORE OTHER RACES, NOT HISPANIC OR LATINO)"
WHITE,P12W_030N,"Female:15 to 17 years, WHITE ALONE OR IN COMBINATION WITH ONE OR MORE OTHER RACES, NOT HISPANIC OR LATINO)"
WHITE,P12W_031N,"Female:18 and 19 years, WHITE ALONE OR IN COMBINATION WITH ONE OR MORE OTHER RACES, NOT HISPANIC OR LATINO)"
WHITE,P12W_032N,"Female:20 years, WHITE ALONE OR IN COMBINATION WITH ONE OR MORE OTHER RACES, NOT HISPANIC OR LATINO)"
WHITE,P12W_033N,"Female:21 years, WHITE ALONE OR IN COMBINATION WITH ONE OR MORE OTHER RACES, NOT HISPANIC OR LATINO)"
WHITE,P12W_034N,"Female:22 to 24 years, WHITE ALONE OR IN COMBINATION WITH ONE OR MORE OTHER RACES, NOT HISPANIC OR LATINO)"
WHITE,P12W_035N,"Female:25 to 29 years, WHITE ALONE OR IN COMBINATION WITH ONE OR MORE OTHER RACES, NOT HISPANIC OR LATINO)"
WHITE,P12W_036N,"Female:30 to 34 years, WHITE ALONE OR IN COMBINATION WITH ONE OR MORE OTHER RACES, NOT HISPANIC OR LATINO)"
WHITE,P12W_037N,"Female:35 to 39 years, WHITE ALONE OR IN COMBINATION WITH ONE OR MORE OTHER RACES, NOT HISPANIC OR LATINO)"
WHITE,P12W_038N,"Female:40 to 44 years, WHITE ALONE OR IN COMBINATION WITH ONE OR MORE OTHER RACES, NOT HISPANIC OR LATINO)"
WHITE,P12W_039N,"Female:45 to 49 years, WHITE ALONE OR IN COMBINATION WITH ONE OR MORE OTHER RACES, NOT HISPANIC OR LATINO)"
WHITE,P12W_040N,"Female:50 to 54 years, WHITE ALONE OR IN COMBINATION WITH ONE OR MORE OTHER RACES, NOT HISPANIC OR LATINO)"
WHITE,P12W_041N,"Female:55 to 59 years, WHITE ALONE OR IN COMBINATION WITH ONE OR MORE OTHER RACES, NOT HISPANIC OR LATINO)"
WHITE,P12W_042N,"Female:60 and 61 years, WHITE ALONE OR IN COMBINATION WITH ONE OR MORE OTHER RACES, NOT HISPANIC OR LATINO)"
WHITE,P12W_043N,"Female:62 to 64 years, WHITE ALONE OR IN COMBINATION WITH ONE OR MORE OTHER RACES, NOT HISPANIC OR LATINO)"
WHITE,P12W_044N,"Female:65 and 66 years, WHITE ALONE OR IN COMBINATION WITH ONE OR MORE OTHER RACES, NOT HISPANIC OR LATINO)"
WHITE,P12W_045N,"Female:67 to 69 years, WHITE ALONE OR IN COMBINATION WITH ONE OR MORE OTHER RACES, NOT HISPANIC OR LATINO)"
WHITE,P12W_046N,"Female:70 to 74 years, WHITE ALONE OR IN COMBINATION WITH ONE OR MORE OTHER RACES, NOT HISPANIC OR LATINO)"
WHITE,P12W_047N,"Female:75 to 79 years, WHITE ALONE OR IN COMBINATION WITH ONE OR MORE OTHER RACES, NOT HISPANIC OR LATINO)"
WHITE,P12W_048N,"Female:80 to 84 years, WHITE ALONE OR IN COMBINATION WITH ONE OR MORE OTHER RACES, NOT HISPANIC OR LATINO)"
WHITE,P12W_049N,"Female:85 years and over, WHITE ALONE OR IN COMBINATION WITH ONE OR MORE OTHER RACES, NOT HISPANIC OR LATINO)"
WHITE,P12A_026N,"Female:, WHITE ALONE)"
WHITE,P12A_027N,"Female:Under 5 years, WHITE ALONE)"
WHITE,P12A_028N,"Female:5 to 9 years, WHITE ALONE)"
WHITE,P12A_029N,"Female:10 to 14 years, WHITE ALONE)"
WHITE,P12A_030N,"Female:15 to 17 years, WHITE ALONE)"
WHITE,P12A_031N,"Female:18 and 19 years, WHITE ALONE)"
WHITE,P12A_032N,"Female:20 years, WHITE ALONE)"
WHITE,P12A_033N,"Female:21 years, WHITE ALONE)"
WHITE,P12A_034N,"Female:22 to 24 years, WHITE ALONE)"
WHITE,P12A_035N,"Female:25 to 29 years, WHITE ALONE)"
WHITE,P12A_036N,"Female:30 to 34 years, WHITE ALONE)"
WHITE,P12A_037N,"Female:35 to 39 years, WHITE ALONE)"
WHITE,P12A_038N,"Female:40 to 44 years, WHITE ALONE)"
WHITE,P12A_039N,"Female:45 to 49 years, WHITE ALONE)"
WHITE,P12A_040N,"Female:50 to 54 years, WHITE ALONE)"
WHITE,P12A_041N,"Female:55 to 59 years, WHITE ALONE)"
WHITE,P12A_042N,"Female:60 and 61 years, WHITE ALONE)"
WHITE,P12A_043N,"Female:62 to 64 years, WHITE ALONE)"
WHITE,P12A_044N,"Female:65 and 66 years, WHITE ALONE)"
WHITE,P12A_045N,"Female:67 to 69 years, WHITE ALONE)"
WHITE,P12A_046N,"Female:70 to 74 years, WHITE ALONE)"
WHITE,P12A_047N,"Female:75 to 79 years, WHITE ALONE)"
WHITE,P12A_048N,"Female:80 to 84 years, WHITE ALONE)"
WHITE,P12A_049N,"Female:85 years and over, WHITE ALONE)"
WHITE,P12P_026N,"Female:, WHITE ALONE, HISPANIC OR LATINO)"
WHITE,P12P_027N,"Female:Under 5 years, WHITE ALONE, HISPANIC OR LATINO)"
WHITE,P12P_028N,"Female:5 to 9 years, WHITE ALONE, HISPANIC OR LATINO)"
WHITE,P12P_029N,"Female:10 to 14 years, WHITE ALONE, HISPANIC OR LATINO)"
WHITE,P12P_030N,"Female:15 to 17 years, WHITE ALONE, HISPANIC OR LATINO)"
WHITE,P12P_031N,"Female:18 and 19 years, WHITE ALONE, HISPANIC OR LATINO)"
WHITE,P12P_032N,"Female:20 years, WHITE ALONE, HISPANIC OR LATINO)"
WHITE,P12P_033N,"Female:21 years, WHITE ALONE, HISPANIC OR LATINO)"
WHITE,P12P_034N,"Female:22 to 24 years, WHITE ALONE, HISPANIC OR LATINO)"
WHITE,P12P_035N,"Female:25 to 29 years, WHITE ALONE, HISPANIC OR LATINO)"
WHITE,P12P_036N,"Female:30 to 34 years, WHITE ALONE, HISPANIC OR LATINO)"
WHITE,P12P_037N,"Female:35 to 39 years, WHITE ALONE, HISPANIC OR LATINO)"
WHITE,P12P_038N,"Female:40 to 44 years, WHITE ALONE, HISPANIC OR LATINO)"
WHITE,P12P_039N,"Female:45 to 49 years, WHITE ALONE, HISPANIC OR LATINO)"
WHITE,P12P_040N,"Female:50 to 54 years, WHITE ALONE, HISPANIC OR LATINO)"
WHITE,P12P_041N,"Female:55 to 59 years, WHITE ALONE, HISPANIC OR LATINO)"
WHITE,P12P_042N,"Female:60 and 61 years, WHITE ALONE, HISPANIC OR LATINO)"
WHITE,P12P_043N,"Female:62 to 64 years, WHITE ALONE, HISPANIC OR LATINO)"
WHITE,P12P_044N,"Female:65 and 66 years, WHITE ALONE, HISPANIC OR LATINO)"
WHITE,P12P_045N,"Female:67 to 69 years, WHITE ALONE, HISPANIC OR LATINO)"
WHITE,P12P_046N,"Female:70 to 74 years, WHITE ALONE, HISPANIC OR LATINO)"
WHITE,P12P_047N,"Female:75 to 79 years, WHITE ALONE, HISPANIC OR LATINO)"
WHITE,P12P_048N,"Female:80 to 84 years, WHITE ALONE, HISPANIC OR LATINO)"
WHITE,P12P_049N,"Female:85 years and over, WHITE ALONE, HISPANIC OR LATINO)"
WHITE,P12I_026N,"Female:, WHITE ALONE, NOT HISPANIC OR LATINO)"
WHITE,P12I_027N,"Female:Under 5 years, WHITE ALONE, NOT HISPANIC OR LATINO)"
WHITE,P12I_028N,"Female:5 to 9 years, WHITE ALONE, NOT HISPANIC OR LATINO)"
WHITE,P12I_029N,"Female:10 to 14 years, WHITE ALONE, NOT HISPANIC OR LATINO)"
WHITE,P12I_030N,"Female:15 to 17 years, WHITE ALONE, NOT HISPANIC OR LATINO)"
WHITE,P12I_031N,"Female:18 and 19 years, WHITE ALONE, NOT HISPANIC OR LATINO)"
WHITE,P12I_032N,"Female:20 years, WHITE ALONE, NOT HISPANIC OR LATINO)"
WHITE,P12I_033N,"Female:21 years, WHITE ALONE, NOT HISPANIC OR LATINO)"
WHITE,P12I_034N,"Female:22 to 24 years, WHITE ALONE, NOT HISPANIC OR LATINO)"
WHITE,P12I_035N,"Female:25 to 29 years, WHITE ALONE, NOT HISPANIC OR LATINO)"
WHITE,P12I_036N,"Female:30 to 34 years, WHITE ALONE, NOT HISPANIC OR LATINO)"
WHITE,P12I_037N,"Female:35 to 39 years, WHITE ALONE, NOT HISPANIC OR LATINO)"
WHITE,P12I_038N,"Female:40 to 44 years, WHITE ALONE, NOT HISPANIC OR LATINO)"
WHITE,P12I_039N,"Female:45 to 49 years, WHITE ALONE, NOT HISPANIC OR LATINO)"
WHITE,P12I_040N,"Female:50 to 54 years, WHITE ALONE, NOT HISPANIC OR LATINO)"
WHITE,P12I_041N,"Female:55 to 59 years, WHITE ALONE, NOT HISPANIC OR LATINO)"
WHITE,P12I_042N,"Female:60 and 61 years, WHITE ALONE, NOT HISPANIC OR LATINO)"
WHITE,P12I_043N,"Female:62 to 64 years, WHITE ALONE, NOT HISPANIC OR LATINO)"
WHITE,P12I_044N,"Female:65 and 66 years, WHITE ALONE, NOT HISPANIC OR LATINO)"
WHITE,P12I_045N,"Female:67 to 69 years, WHITE ALONE, NOT HISPANIC OR LATINO)"
WHITE,P12I_046N,"Female:70 to 74 years, WHITE ALONE, NOT HISPANIC OR LATINO)"
WHITE,P12I_047N,"Female:75 to 79 years, WHITE ALONE, NOT HISPANIC OR LATINO)"
WHITE,P12I_048N,"Female:80 to 84 years, WHITE ALONE, NOT HISPANIC OR LATINO)"
WHITE,P12I_049N,"Female:85 years and over, WHITE ALONE, NOT HISPANIC OR LATINO)"
